source,name,type,network,compatible,reason
automatic-free-vless,AKUN-001-RS-RAPIDSEEDBOX-20190717-VLESS-WS-74MS,vless,ws,yes,mihomo batch config test ok
automatic-free-vless,AKUN-002-BIGCOMMERCE-VLESS-WS-77MS,vless,ws,yes,mihomo batch config test ok
automatic-free-vless,AKUN-003-AIMALL-VLESS-WS-74MS,vless,ws,yes,mihomo batch config test ok
automatic-free-vless,AKUN-004-NOTION-WEB-VLESS-WS-79MS,vless,ws,yes,mihomo batch config test ok
automatic-free-vless,AKUN-005-CLOUDFLARE-VLESS-WS-75MS,vless,ws,yes,mihomo batch config test ok
automatic-free-vless,AKUN-006-CLOUDFLARE-VLESS-WS-77MS,vless,ws,yes,mihomo batch config test ok
automatic-free-vless,AKUN-007-CLOUDFLARE-VLESS-WS-78MS,vless,ws,yes,mihomo batch config test ok
automatic-free-vless,AKUN-008-FREIFUNKFRANKEN-VLESS-WS-94MS,vless,ws,yes,mihomo batch config test ok
automatic-free-vless,AKUN-009-CLOUDFLARE-VLESS-WS-544MS,vless,ws,yes,mihomo batch config test ok
manual,MANUAL-VMess-WS-TLS-443-ikada543,vmess,ws,yes,mihomo batch config test ok
manual,MANUAL-VMess-WS-TLS-443-singa08,vmess,ws,yes,mihomo batch config test ok
manual,MANUAL-VMess-WS-TLS-443-akuku8,vmess,ws,yes,mihomo batch config test ok
manual,MANUAL-VLESS-WS-TLS-443-apt50atpprem,vless,ws,yes,mihomo batch config test ok
